{"name":"a9d7ff63-768e-439e-87d7-09a2175631ec","id":"/providers/Microsoft.Flow/flows/a9d7ff63-768e-439e-87d7-09a2175631ec","type":"Microsoft.Flow/flows","properties":{"apiId":"/providers/Microsoft.PowerApps/apis/shared_logicflows","displayName":"CrisisCommunication.Request","definition":{"metadata":{"workflowEntityId":null,"creator":{"id":"d9b90c3e-00f9-473b-bd86-d77e3b37f97a","type":"User","tenantId":"c639b047-e5b1-4cdf-a3d4-4220502193b8"},"provisioningMethod":"FromDefinition","failureAlertSubscription":true,"clientLastModifiedTime":"2020-04-14T09:47:29.0585157Z"},"$schema":"https://schema.management.azure.com/providers/Microsoft.Logic/schemas/2016-06-01/workflowdefinition.json#","contentVersion":"1.0.0.0","parameters":{"$connections":{"defaultValue":{},"type":"Object"},"$authentication":{"defaultValue":{},"type":"SecureObject"}},"triggers":{"When_a_new_email_arrives":{"splitOn":"@triggerBody()?['value']","metadata":{"flowSystemMetadata":{"swaggerOperationId":"OnNewEmailV3"}},"type":"ApiConnectionNotification","inputs":{"host":{"connection":{"name":"@parameters('$connections')['shared_office365']['connectionId']"},"api":{"runtimeUrl":"https://japan-001.azure-apim.net/apim/office365"}},"fetch":{"queries":{"folderPath":"Inbox","importance":"Any","fetchOnlyWithAttachment":false,"includeAttachments":false,"subjectFilter":"[Crisis Communication] Request"},"pathTemplate":{"template":"/v3/Mail/OnNewEmail"},"method":"get"},"subscribe":{"queries":{"folderPath":"Inbox","importance":"Any","fetchOnlyWithAttachment":false},"body":{"NotificationUrl":"@{listCallbackUrl()}"},"pathTemplate":{"template":"/GraphMailSubscriptionPoke/$subscriptions"},"method":"post"},"authentication":"@parameters('$authentication')"},"conditions":[{"expression":"@not(contains(triggerBody()?['subject'],'Re: '))"}]}},"actions":{"Notify_the_team_of_the_request":{"runAfter":{"Get_user_profile_(V2)":["Succeeded"]},"metadata":{"flowSystemMetadata":{"swaggerOperationId":"PostChannelAdaptiveCard"}},"type":"ApiConnection","inputs":{"host":{"connection":{"name":"@parameters('$connections')['shared_teams']['connectionId']"},"api":{"runtimeUrl":"https://japan-001.azure-apim.net/apim/teams"}},"method":"post","body":{"recipient":{"channelId":"@variables('varChannelId')"},"messageBody":"{\n    \"$schema\": \"http://adaptivecards.io/schemas/adaptive-card.json\",\n    \"type\": \"AdaptiveCard\",\n    \"version\": \"1.0\",\n    \"body\": [\n        {\n            \"type\": \"TextBlock\",\n            \"text\": \"New Request\",\n            \"weight\": \"Bolder\",\n            \"size\": \"Large\"\n        },\n        {\n            \"type\": \"ColumnSet\",\n            \"columns\": [\n                {\n                    \"type\": \"Column\",\n                    \"width\": \"stretch\",\n                    \"items\": [\n                        {\n                            \"type\": \"TextBlock\",\n                            \"text\": \"@{body('Get_user_profile_(V2)')?['displayName']}\",\n                            \"weight\": \"Bolder\",\n                            \"wrap\": true\n                        },\n                        {\n                            \"type\": \"TextBlock\",\n                            \"spacing\": \"None\",\n                            \"text\": \"@{body('Convert_time_zone')}\",\n                            \"isSubtle\": true,\n                            \"wrap\": true\n                        }\n                    ]\n                }\n            ]\n        },\n        {\n            \"type\": \"RichTextBlock\",\n            \"inlines\": [\n                {\n                    \"type\": \"TextRun\",\n                    \"text\": \"@{variables('varComments')}\"\n                }\n            ]\n        },\n        {\n            \"type\": \"ActionSet\",\n            \"actions\": [\n                {\n                    \"type\": \"Action.OpenUrl\",\n                    \"title\": \"Chat\",\n                    \"url\": \"https://teams.microsoft.com/l/chat/0/0?users=@{body('Get_user_profile_(V2)')?['userPrincipalName']}\"\n                },\n                {\n                    \"type\": \"Action.OpenUrl\",\n                    \"title\": \"Email\",\n                    \"url\": \"mailto:@{body('Get_user_profile_(V2)')?['mail']}\"\n                }\n            ]\n        }\n    ]\n}"},"path":"/flowbot/actions/adaptivecard/recipienttypes/channel","queries":{"groupId":"@variables('varTeamId')"},"authentication":"@parameters('$authentication')"}},"Team_Id":{"runAfter":{},"type":"InitializeVariable","inputs":{"variables":[{"name":"varTeamId","type":"string"}]}},"Channel_Id":{"runAfter":{"Team_Id":["Succeeded"]},"type":"InitializeVariable","inputs":{"variables":[{"name":"varChannelId","type":"string"}]}},"User_Id":{"runAfter":{"Replace_double_quotes_with_single_quotes_for_the_adaptive_card":["Succeeded"]},"type":"InitializeVariable","inputs":{"variables":[{"name":"varUserId","type":"string","value":"@triggerBody()?['from']"}]}},"Get_user_profile_(V2)":{"runAfter":{"Convert_time_zone":["Succeeded"]},"metadata":{"flowSystemMetadata":{"swaggerOperationId":"UserProfile_V2"}},"type":"ApiConnection","inputs":{"host":{"connection":{"name":"@parameters('$connections')['shared_office365users']['connectionId']"},"api":{"runtimeUrl":"https://japan-001.azure-apim.net/apim/office365users"}},"method":"get","path":"/codeless/v1.0/users/@{encodeURIComponent(variables('varUserId'))}","authentication":"@parameters('$authentication')"}},"Comments":{"runAfter":{"User_Id":["Succeeded"]},"type":"InitializeVariable","inputs":{"variables":[{"name":"varComments","type":"string","value":"@{outputs('Replace_double_quotes_with_single_quotes_for_the_adaptive_card')}"}]}},"Convert_time_zone":{"runAfter":{"Current_time":["Succeeded"]},"type":"Expression","kind":"ConvertTimeZone","inputs":{"baseTime":"@body('Current_time')","formatString":"g","sourceTimeZone":"UTC-11","destinationTimeZone":"Pacific Standard Time"}},"Current_time":{"runAfter":{"Comments":["Succeeded"]},"type":"Expression","kind":"CurrentTime","inputs":{}},"Replace_double_quotes_with_single_quotes_for_the_adaptive_card":{"runAfter":{"Html_to_text":["Succeeded"]},"type":"Compose","inputs":"@replace(body('Html_to_text'),'\"',uriComponentToString('%27'))","description":"replace(triggerBody()?['bodyPreview'],'\"',uriComponentToString('%27'))"},"Html_to_text":{"runAfter":{"Channel_Id":["Succeeded"]},"metadata":{"flowSystemMetadata":{"swaggerOperationId":"HtmlToText"}},"type":"ApiConnection","inputs":{"host":{"connection":{"name":"@parameters('$connections')['shared_conversionservice']['connectionId']"},"api":{"runtimeUrl":"https://japan-001.azure-apim.net/apim/conversionservice"}},"method":"post","body":"@triggerBody()?['body']","path":"/html2text","authentication":"@parameters('$authentication')"}}}},"connectionReferences":{"shared_teams":{"connectionName":"710ea07af39940e68e42e18effa99a5c","source":"Embedded","id":"/providers/Microsoft.PowerApps/apis/shared_teams","tier":"NotSpecified"},"shared_office365users":{"connectionName":"b26056a89110410c8488fdc66de090fd","source":"Embedded","id":"/providers/Microsoft.PowerApps/apis/shared_office365users","tier":"NotSpecified"},"shared_conversionservice":{"connectionName":"8712a97f6b9248eab72fbc2b5972c780","source":"Embedded","id":"/providers/Microsoft.PowerApps/apis/shared_conversionservice","tier":"NotSpecified"},"shared_office365":{"connectionName":"815f5d17656c4dc7ae3004c71510870a","source":"Embedded","id":"/providers/Microsoft.PowerApps/apis/shared_office365","tier":"NotSpecified"}},"flowFailureAlertSubscribed":false}}