{"schemaVersion":"1.0","appDefinitionTemplate":{"id":"/providers/Microsoft.PowerApps/apps/","type":"Microsoft.PowerApps/apps","tags":{"primaryDeviceWidth":"640","primaryDeviceHeight":"1136","sienaVersion":"20200518T052000Z-3.20051.16.0","deviceCapabilities":"location","supportsPortrait":"true","supportsLandscape":"false","primaryFormFactor":"Phone","publisherVersion":"3.20051.16","minimumRequiredApiVersion":"2.2.0","hasComponent":"true","hasUnlockedComponent":"true","isUnifiedRootApp":"false"},"properties":{"appVersion":"2020-05-18T05:20:00Z","lifeCycleId":"Published","createdByClientVersion":{"major":3,"minor":20051,"build":16,"revision":0,"majorRevision":0,"minorRevision":0},"minClientVersion":{"major":3,"minor":20051,"build":16,"revision":0,"majorRevision":0,"minorRevision":0},"backgroundColor":"rgba(0, 99, 177, 1)","backgroundImageUri":"/1737060011911795765/Ne6e82894-9f60-4b2c-976e-b9ea606b4a8b-logoSmallFile","displayName":"社内緊急コミュニケーションアプリ（CDS対応版）","description":"Version 2 of Crisis Communication","commitMessage":"","appUris":{"documentUri":{"value":"/1737060011911795765/Nd23c3247-5743-4e38-b8d5-2db265dfb700-document.msapp","readonlyValue":"/1737060011911795765/Nd23c3247-5743-4e38-b8d5-2db265dfb700-document.msapp"},"imageUris":[]},"createdTime":"0001-01-01T00:00:00Z","lastModifiedTime":"0001-01-01T00:00:00Z","sharedGroupsCount":0,"sharedUsersCount":0,"icons":{"smallIconUri":"/1737060011911795765/Nfbfe843d-c02e-4853-bb54-5611be0e5ebb-small.png","mediumIconUri":"/1737060011911795765/N925dc6cf-6c9d-473b-874b-7053f356d953-medium.png","largeIconUri":"/1737060011911795765/N0303efb8-823e-4fbc-b249-8ef715728c8b-large.png","wideIconUri":"/1737060011911795765/Na11ba7d2-8b32-421e-8366-8a0fdb178fd7-wide.png"},"connectionReferences":{"5453364b-8c7a-4042-ab3a-ebccd090f70b":{"id":"1e4012e0-9b2d-41ac-bc99-e85f3fbc6df8","displayName":"Office 365 ユーザー","iconUri":"https://connectoricons-prod.azureedge.net/office365users/icon_1.0.1335.1964.png","dataSources":["Office365Users"],"dependencies":[],"dependents":["c81f5dce-8e7e-431f-ae39-ec19b47938f9"],"parameterHints":{},"isOnPremiseConnection":false,"bypassConsent":false,"dataSets":{},"apiTier":"Standard","isCustomApiConnection":false},"a5c70fe0-c12c-48db-9a62-ab98d8be1bb4":{"id":"173be651-8a20-49e5-8903-f499c0f12dd5","displayName":"Office 365 Outlook","iconUri":"https://connectoricons-prod.azureedge.net/office365/icon_1.0.1344.1994.png","dataSources":["Office365Outlook"],"dependencies":[],"dependents":[],"parameterHints":{},"isOnPremiseConnection":false,"bypassConsent":false,"dataSets":{},"apiTier":"Standard","isCustomApiConnection":false},"d9861705-8a6f-4d2d-b803-91f39ca5054e":{"id":"0c6d9090-963b-4f9e-8eb9-f0c2893060cc","displayName":"RSS","iconUri":"https://connectoricons-prod.azureedge.net/rss/icon_1.0.1335.1964.png","dataSources":["RSS"],"dependencies":[],"dependents":[],"parameterHints":{},"isOnPremiseConnection":false,"bypassConsent":false,"dataSets":{},"apiTier":"Standard","isCustomApiConnection":false},"c81f5dce-8e7e-431f-ae39-ec19b47938f9":{"id":"bdce03cf-20f4-4ccd-b018-d9afe3548ef4","displayName":"Logic flows","iconUri":"https://resourcestackdeploy.blob.core.windows.net/scripts/13276078.png","dataSources":["CrisisCommunication.Request"],"dependencies":["d058d606-c9b0-4de8-904d-43d59bda717b","5453364b-8c7a-4042-ab3a-ebccd090f70b","563962cd-3c80-4f1b-8af1-7617133ef310"],"dependents":[],"parameterHints":{"workflowName":{"value":"f8a9c189-ad4e-4f24-b2f8-37012ba062b7"},"d058d606-c9b0-4de8-904d-43d59bda717b":{"value":"shared_teams"},"5453364b-8c7a-4042-ab3a-ebccd090f70b":{"value":"shared_office365users"},"563962cd-3c80-4f1b-8af1-7617133ef310":{"value":"shared_conversionservice"}},"isOnPremiseConnection":false,"bypassConsent":false,"dataSets":{},"apiTier":"Standard","isCustomApiConnection":false},"d058d606-c9b0-4de8-904d-43d59bda717b":{"id":"3796ad75-1f7f-48eb-a0aa-2ea2a01c9c4f","displayName":"Microsoft Teams","iconUri":"https://connectoricons-prod.azureedge.net/teams/icon_1.0.1335.1964.png","dataSources":[],"dependencies":[],"dependents":["c81f5dce-8e7e-431f-ae39-ec19b47938f9"],"parameterHints":{},"isOnPremiseConnection":false,"bypassConsent":false,"dataSets":{},"apiTier":"Standard","isCustomApiConnection":false},"563962cd-3c80-4f1b-8af1-7617133ef310":{"id":"5659d0da-dd7c-47d1-958c-c934919464a7","displayName":"Content Conversion","iconUri":"https://connectoricons-prod.azureedge.net/conversionservice/icon_1.0.1332.1958.png","dataSources":[],"dependencies":[],"dependents":["c81f5dce-8e7e-431f-ae39-ec19b47938f9"],"parameterHints":{},"isOnPremiseConnection":false,"bypassConsent":false,"dataSets":{},"apiTier":"Standard","isCustomApiConnection":false}},"databaseReferences":{"default.cds":{"databaseDetails":{"referenceType":"Environmental","environmentName":"default.cds"},"dataSources":{"アプリ設定":{"entitySetName":"ci_configadminsetups","logicalName":"ci_configadminsetup"},"リンク集":{"entitySetName":"ci_usefulinkses","logicalName":"ci_usefulinks"},"会社のニュース":{"entitySetName":"ci_companynewses","logicalName":"ci_companynews"},"便利情報":{"entitySetName":"ci_helpfultipses","logicalName":"ci_helpfultips"},"従業員勤務場所":{"entitySetName":"ci_employeestatuses","logicalName":"ci_employeestatus"},"日報":{"entitySetName":"ci_dailyreports","logicalName":"ci_dailyreport"},"社員マスタ":{"entitySetName":"ci_employees","logicalName":"ci_employee"},"検温記録":{"entitySetName":"ci_healthcheckrecords","logicalName":"ci_healthcheckrecord"},"緊急連絡先":{"entitySetName":"ci_contactses","logicalName":"ci_contacts"},"よくある質問":{"entitySetName":"ci_faqs","logicalName":"ci_faq"},"ユーザー ":{"entitySetName":"systemusers","logicalName":"systemuser"}}}},"almMode":"Environment","performanceOptimizationEnabled":false,"canConsumeAppPass":true},"isAppComponentLibrary":false,"appType":"ClassicCanvasApp","appComponents":[]}}